Residue,Neighbour_Count
HIS_0,5
MET_1,6
NA_1,0
DG_1,7
SO4_1,4
DT_1,6
ARG_2,5
GLN_2,5
HOH_2,0
PHE_2,5
DA_2,7
MES_2,5
DC_2,7
PRO_2,6
HIS_3,5
THR_3,6
ILE_3,6
HOH_3,2
GLU_3,5
DG_3,7
ZN_3,0
DC_3,6
ALA_3,4
MET_4,6
PHE_4,6
HOH_4,0
ALA_4,5
DG_4,7
MES_4,5
DC_4,6
ARG_4,5
PRO_5,7
VAL_5,6
ARG_5,5
DC_5,6
HOH_5,1
DG_5,7
THR_5,6
PRO_6,6
THR_6,6
LYS_6,6
HOH_6,1
LEU_6,5
5CM_6,9
DT_6,6
ALA_6,5
ASN_7,6
THR_7,7
HOH_7,0
VAL_7,6
DG_7,7
PRO_7,6
ARG_8,6
LEU_8,6
GLN_8,6
DC_8,7
HOH_8,2
DA_8,6
ALA_8,4
PRO_9,6
THR_9,6
HOH_9,1
GLY_9,4
DC_9,6
DG_9,7
ARG_9,5
GLY_10,4
SER_10,6
HOH_10,1
DT_10,6
DC_10,6
VAL_10,6
ILE_11,7
THR_11,6
LYS_11,5
HOH_11,0
DG_11,6
DC_11,6
PRO_11,6
THR_12,6
HOH_12,0
LEU_12,6
DC_12,6
DT_12,6
PHE_13,5
ILE_13,6
HOH_13,1
LYS_13,5
DG_13,6
DC_13,6
LEU_13,5
GLU_14,6
THR_14,7
LYS_14,5
DC_14,7
HOH_14,1
ALA_14,5
ILE_15,6
ALA_15,5
LEU_15,5
HOH_15,1
VAL_15,6
DA_15,7
DG_15,6
GLY_16,4
PRO_16,6
GLU_16,5
LEU_16,5
DG_16,6
HOH_16,0
DC_16,6
ALA_17,4
VAL_17,6
HOH_17,1
GLU_17,6
DG_17,6
DA_17,6
ARG_18,5
GLU_18,7
HOH_18,1
ALA_18,5
PYO_18,6
DG_18,7
ILE_18,6
LEU_19,6
PRO_19,6
HOH_19,1
DG_19,6
SER_19,6
GLU_20,5
SER_20,6
HOH_20,0
LYS_20,5
DG_20,7
DC_20,6
LEU_20,6
ALA_21,5
ASP_21,6
HOH_21,0
DC_21,7
PRO_21,6
LEU_22,5
THR_22,6
DC_22,7
HOH_22,0
DT_22,6
ASP_22,6
ASP_23,6
ILE_23,7
HOH_23,1
DT_23,6
DG_23,6
TYR_24,5
GLU_24,5
HOH_24,1
ASN_24,6
DC_24,6
VAL_24,6
LEU_25,6
ASN_25,6
HOH_25,0
GLU_25,5
DG_25,6
ARG_25,5
GLN_26,5
VAL_26,6
HOH_26,1
ALA_26,5
DG_26,7
ARG_26,5
LYS_27,5
HOH_27,1
CYS_27,5
DA_27,6
ARG_27,5
TRP_28,6
ALA_28,5
HOH_28,0
DG_28,6
LEU_28,5
TYR_29,6
LYS_29,5
HOH_29,1
ASP_29,6
DG_29,7
PRO_30,6
ILE_30,6
HOH_30,0
DC_30,6
ASP_30,6
SER_31,6
GLN_31,6
HOH_31,1
DT_31,6
LEU_31,5
ARG_32,5
ASP_32,6
SER_32,5
HOH_32,0
DC_32,7
GLU_32,5
ILE_33,6
LYS_33,5
HOH_33,0
SER_33,5
DA_33,6
ARG_33,5
GLU_34,5
GLY_34,3
HOH_34,0
DC_34,6
ASP_34,6
LYS_35,5
GLY_35,4
HOH_35,0
VAL_35,6
DG_35,6
SER_35,5
ILE_36,7
HOH_36,1
ASN_36,5
DG_36,6
LEU_36,5
ASP_37,6
PRO_37,7
HOH_37,1
LEU_37,5
DG_37,6
THR_37,6
TYR_38,5
PRO_38,6
HOH_38,1
GLN_38,5
DA_38,6
GLU_38,5
GLU_39,4
ASP_39,6
HOH_39,1
SER_39,5
LYS_39,5
GLU_40,5
GLN_40,5
MET_40,5
HOH_40,2
GLY_41,3
GLN_41,5
ASP_41,6
HOH_41,2
CYS_41,5
LYS_42,5
ARG_42,6
SER_42,5
HOH_42,0
VAL_42,6
MET_43,6
LEU_43,5
SER_43,5
LYS_43,5
LEU_44,5
ILE_44,6
HOH_44,0
HIS_44,5
GLU_44,5
VAL_45,6
PHE_45,6
HOH_45,0
LYS_45,5
HIS_46,5
ALA_46,5
HOH_46,1
SER_46,6
LEU_46,5
PHE_47,6
GLY_47,4
LEU_47,5
HOH_47,0
ASN_47,6
GLU_48,5
LYS_48,5
VAL_48,6
HOH_48,0
LEU_48,5
ARG_49,5
GLN_49,5
HOH_49,1
LEU_49,5
TRP_50,6
LEU_50,5
HOH_50,1
HIS_50,5
SER_51,5
GLU_51,5
THR_51,6
HOH_51,0
HIS_52,5
ASP_52,6
LEU_52,5
HOH_52,0
PHE_52,5
ARG_53,6
GLY_53,4
HOH_53,0
LEU_53,5
TYR_54,5
ARG_54,5
HOH_54,0
SER_54,6
GLN_54,5
ASP_55,6
THR_55,7
HOH_55,0
GLU_55,6
GLU_56,5
LEU_56,5
HOH_56,1
GLY_56,3
TRP_57,6
SER_57,6
HOH_57,0
PHE_57,5
ILE_57,6
ILE_58,6
ASP_58,6
HOH_58,0
LYS_58,5
TYR_59,5
HOH_59,0
THR_59,6
ASN_59,6
TRP_60,6
ASN_60,6
HOH_60,0
TYR_60,5
GLN_60,5
ASP_61,6
ILE_61,6
ARG_61,5
HOH_61,0
LEU_61,5
SER_62,5
GLN_62,6
CYS_62,5
HOH_62,0
ASN_63,6
LYS_63,6
ASP_63,6
HOH_63,1
ARG_64,5
GLU_64,5
HOH_64,0
LEU_64,5
LEU_65,5
SER_65,5
HOH_65,0
ASN_65,6
GLU_65,5
ARG_66,6
THR_66,6
HOH_66,0
LEU_66,5
PRO_67,6
LEU_67,5
HOH_67,0
ALA_67,4
LYS_67,5
LEU_68,5
HIS_68,5
HOH_68,0
MET_68,5
GLU_69,4
LEU_69,5
HOH_69,0
GLY_69,4
ARG_69,5
VAL_70,6
HOH_70,0
LYS_70,5
LEU_71,6
HOH_71,1
ASN_71,6
GLU_71,5
ARG_72,5
HOH_72,0
LEU_72,6
GLU_72,5
LEU_73,6
THR_73,6
HOH_73,0
ARG_74,5
HOH_74,0
SER_74,5
GLY_75,3
MET_75,5
HOH_75,0
GLU_75,5
CYS_76,5
HOH_76,0
SER_76,6
GLU_76,5
HOH_77,0
LYS_77,5
GLY_77,3
HOH_78,0
ILE_78,6
TYR_78,5
LEU_79,5
HOH_79,1
HOH_80,1
LYS_80,5
ALA_80,4
HOH_81,1
CYS_81,5
LYS_81,5
HOH_82,1
ALA_82,5
VAL_82,6
HOH_83,0
GLY_83,5
LYS_83,5
HOH_84,0
ASN_84,6
SER_84,5
HOH_85,0
GLU_85,5
LEU_85,5
HOH_86,0
ASP_86,6
LEU_86,5
HOH_87,0
ILE_87,7
ASN_87,6
HOH_88,1
ILE_88,6
LYS_88,5
HOH_89,0
THR_89,6
ASP_89,6
HOH_90,0
LEU_90,6
HOH_91,0
ARG_91,5
SER_91,5
HOH_92,0
ALA_92,4
LEU_92,5
HOH_93,0
GLU_93,5
HOH_94,0
ASP_94,5
ASN_94,5
HOH_95,0
ASN_95,6
GLY_95,3
HOH_96,1
ALA_96,4
HOH_97,0
ASP_97,6
HIS_97,5
HOH_98,0
THR_98,6
ALA_98,4
HOH_99,1
LEU_99,5
TYR_99,5
HOH_100,0
ALA_100,4
ASN_100,6
HOH_101,0
PO4_101,4
LEU_101,5
C79_101,8
X52_101,7
UXM_101,8
I67_101,8
96I_101,8
EDO_101,3
ARG_101,5
HOH_102,1
VAL_102,6
EDO_102,3
GLU_102,5
HOH_103,1
PHE_103,6
EDO_103,3
VAL_103,6
HOH_104,3
GLU_104,5
EDO_104,3
ASN_104,6
HOH_105,1
ALA_105,5
EDO_105,3
GLY_105,3
HOH_106,1
PRO_106,5
EDO_106,3
ARG_106,5
HOH_107,1
EDO_107,3
LEU_107,5
HOH_108,0
EDO_108,3
GLU_108,5
HOH_109,0
GLU_109,5
EDO_109,3
ASN_109,6
HOH_110,0
LYS_110,5
EDO_110,3
GLY_110,3
HOH_111,2
VAL_111,6
EDO_111,3
ASN_111,6
HOH_112,0
SER_112,5
EDO_112,3
GLN_112,5
HOH_113,1
ASP_113,5
EDO_113,3
ALA_113,4
HOH_114,1
TYR_114,5
EDO_114,3
ARG_114,5
HOH_115,1
GLU_115,5
EDO_115,3
SER_115,5
HOH_116,0
MET_116,6
EDO_116,3
GLU_116,5
HOH_117,2
LYS_117,5
EDO_117,3
ALA_117,4
HOH_118,0
LEU_118,5
EDO_118,3
ARG_118,5
HOH_119,1
MET_119,5
EDO_119,3
ARG_119,5
HOH_120,0
ASP_120,6
EDO_120,3
VAL_120,6
HOH_121,0
LEU_121,4
EDO_121,3
GLY_121,3
HOH_122,0
EDO_122,3
MET_122,5
HOH_123,1
EDO_123,3
ALA_123,4
HOH_124,1
EDO_124,3
ASP_124,6
HOH_125,0
GLN_125,5
EDO_125,3
ALA_125,4
HOH_126,2
LEU_126,5
ASN_126,6
HOH_127,1
GLY_127,4
SER_127,6
HOH_128,1
ILE_128,7
PRO_128,6
HOH_129,0
PRO_129,6
HOH_130,1
GLU_130,7
LYS_130,5
HOH_131,0
GLN_131,5
PRO_131,6
HOH_132,1
GLU_132,4
LEU_132,5
HOH_133,0
TYR_133,6
SER_133,5
HOH_134,0
SER_134,6
LYS_134,6
HOH_135,0
CYS_135,5
PRO_135,6
HOH_136,0
VAL_136,6
ARG_136,5
HOH_137,1
VAL_137,6
THR_137,6
HOH_138,1
LYS_138,5
PRO_138,6
HOH_139,0
MET_139,6
ARG_139,5
ARG_140,5
HOH_140,1
PRO_140,6
SER_141,6
HOH_141,2
MLZ_142,5
HOH_142,0
GLY_142,4
LYS_142,5
SER_143,5
HOH_143,0
GLU_143,6
ASP_144,6
HOH_144,0
PHE_144,5
GLY_145,3
HOH_145,1
ALA_145,5
HOH_146,2
ARG_146,6
GLU_146,5
HOH_147,0
ILE_147,6
ALA_147,4
HOH_148,1
CYS_148,5
LYS_148,5
HOH_149,2
ARG_149,5
PRO_149,6
HOH_150,1
ASP_150,6
GLU_150,5
HOH_151,0
LEU_151,6
PRO_151,6
HOH_152,0
SER_152,6
HOH_153,0
HIS_153,6
PRO_153,6
HOH_154,1
ILE_154,7
SER_154,5
GLY_155,3
HOH_155,0
PRO_155,6
ASP_156,6
HOH_156,0
ARG_156,5
ALA_157,4
HOH_157,1
ILE_157,6
VAL_158,6
HOH_158,0
THR_158,6
VAL_159,6
HOH_159,1
ARG_159,5
ILE_160,6
HOH_160,0
LYS_160,5
SER_161,6
HOH_161,0
THR_162,6
HOH_162,0
ARG_163,5
HOH_163,0
GLN_164,5
HOH_164,0
THR_165,6
HOH_165,1
HOH_166,0
THR_166,6
ILE_167,6
HOH_167,0
THR_168,6
HOH_168,0
SER_169,5
HOH_169,0
HIS_170,5
HOH_170,0
PHE_171,6
HOH_171,0
SER_172,5
HOH_172,0
ALA_172,4
LYS_173,5
HOH_173,0
GLU_174,4
HOH_174,0
GLY_174,4
LEU_175,5
HOH_175,0
PRO_175,6
GLY_176,3
HOH_176,0
ALA_176,4
ASN_177,6
HOH_177,0
LYS_177,5
GLY_178,3
HOH_178,0
ARG_178,5
ASN_179,6
HOH_179,0
LYS_179,6
ILE_180,5
HOH_180,0
PRO_180,6
LYS_181,5
HOH_181,0
GLN_181,5
LEU_182,5
HOH_182,0
GLU_182,5
SER_183,5
HOH_183,1
GLU_183,5
GLN_184,5
HOH_184,0
SER_184,5
HOH_185,0
GLU_185,5
HOH_186,0
ARG_186,5
HOH_187,0
ALA_187,4
HOH_188,0
LYS_188,5
HOH_189,0
SER_189,5
HOH_190,1
ASP_190,6
HOH_191,0
GLU_191,5
HOH_192,0
SER_192,5
GLU_193,5
HOH_193,0
ILE_193,6
ALA_194,4
HOH_194,0
LYS_194,5
VAL_195,6
HOH_195,0
GLU_195,5
THR_196,6
HOH_196,0
GLU_196,5
ILE_197,6
HOH_197,0
ASP_197,6
GLU_198,4
HOH_198,0
LYS_198,5
MET_199,5
HOH_199,0
ASP_199,6
ASN_200,6
HOH_200,0
GLN_200,5
HOH_201,1
GLU_201,6
ASP_201,6
HOH_202,0
PRO_202,6
GLU_202,5
HOH_203,1
VAL_203,6
LYS_203,5
HOH_204,1
GLN_204,5
ARG_204,5
HOH_205,0
LEU_205,5
ARG_205,5
HOH_206,1
THR_206,6
ARG_206,5
HOH_207,1
PHE_207,5
VAL_207,6
HOH_208,1
ALA_208,5
THR_208,6
HOH_209,1
LEU_209,5
SER_209,5
HOH_210,0
ARG_210,5
HOH_211,0
TYR_211,5
GLU_211,5
HOH_212,1
LEU_212,5
ARG_212,5
HOH_213,1
ASN_213,6
VAL_213,6
HOH_214,1
PHE_214,6
ALA_214,4
HOH_215,0
PHE_215,6
ARG_215,5
HOH_216,1
THR_216,6
PRO_216,6
HOH_217,1
LYS_217,5
LEU_217,5
HOH_218,0
ALA_218,5
PRO_218,6
HOH_219,2
THR_219,6
ALA_219,4
HOH_220,0
PRO_220,6
GLU_220,5
HOH_221,1
LEU_221,5
GLU_221,5
HOH_222,1
SER_222,5
PRO_222,6
HOH_223,1
SER_223,5
GLU_223,5
HOH_224,0
THR_224,6
ARG_224,5
HOH_225,0
VAL_225,6
ALA_225,4
THR_226,6
HOH_226,0
LYS_226,5
LEU_227,5
SER_227,5
SER_228,6
GLY_228,3
MET_229,5
HOH_229,0
THR_229,6
SER_230,6
HOH_230,1
ARG_230,5
ALA_231,4
HOH_231,0
THR_231,6
ASP_232,5
GLU_232,5
VAL_233,7
HOH_233,0
LYS_233,5
PRO_234,6
HOH_234,1
GLU_234,5
LEU_235,5
HOH_235,1
GLU_235,5
VAL_236,6
HOH_236,0
GLU_236,5
VAL_237,6
HOH_237,1
ARG_237,5
GLU_238,5
HOH_238,0
ASP_238,6
TYR_239,5
HOH_239,0
GLU_239,5
LYS_240,5
HOH_240,0
ILE_241,6
HOH_241,0
GLU_241,5
ALA_242,5
HOH_242,0
GLU_242,5
ASP_243,4
HOH_243,1
LYS_243,5
MET_244,5
HOH_244,0
ARG_244,5
GLY_245,3
HOH_245,0
LEU_245,5
HIS_246,5
HOH_246,0
ARG_246,5
LEU_247,6
HOH_247,0
SER_247,5
LYS_248,5
HOH_248,1
GLN_248,5
TYR_249,5
HOH_249,0
THR_249,6
TYR_250,5
HOH_250,0
LYS_250,5
LEU_251,6
HOH_251,0
GLU_251,5
ALA_252,5
HOH_252,0
PRO_252,6
PRO_253,6
HOH_253,0
THR_253,7
LYS_254,5
HOH_254,0
PRO_254,6
ILE_255,6
HOH_255,0
LYS_255,5
GLU_256,6
HOH_256,0
GLN_256,5
ASP_257,5
HOH_257,0
LYS_257,5
HOH_258,0
LEU_258,5
HOH_259,0
LYS_259,5
HOH_260,0
GLU_260,5
HOH_261,0
GLU_261,5
HOH_262,0
PRO_262,6
HOH_263,0
ASP_263,6
HOH_264,0
ARG_264,5
HOH_265,0
GLU_265,5
HOH_266,0
ALA_266,4
HOH_267,0
ARG_267,5
HOH_268,0
ALA_268,4
HOH_269,1
GLY_269,3
HOH_270,0
VAL_270,6
HOH_271,0
GLN_271,5
ALA_272,4
HOH_273,0
ASP_273,6
HOH_274,0
GLU_274,5
HOH_275,0
ASP_275,6
HOH_276,0
GLU_276,5
HOH_277,0
ASP_277,6
HOH_278,0
GLY_278,3
ASP_279,6
HOH_280,0
GLU_280,5
HOH_281,0
LYS_281,5
HOH_282,0
ASP_282,6
HOH_283,0
GLU_283,5
HOH_284,0
LYS_284,5
HOH_285,0
LYS_285,5
HOH_286,0
HIS_286,5
HOH_287,0
ARG_287,5
HOH_288,0
SER_288,5
HOH_289,0
GLN_289,5
HOH_290,0
PRO_290,6
HOH_291,0
LYS_291,5
HOH_292,0
ASP_292,6
HOH_293,1
LEU_293,5
HOH_294,0
ALA_294,4
HOH_295,0
ALA_295,4
HOH_296,0
LYS_296,5
HOH_297,0
ARG_297,5
ARG_298,5
HOH_299,0
PRO_299,6
SFG_300,6
GLU_300,5
HOH_301,1
GLU_301,5
HOH_302,0
LYS_302,5
HOH_303,0
GLU_303,5
HOH_304,0
PRO_304,6
HOH_305,0
GLU_305,5
HOH_306,1
LYS_306,5
HOH_307,0
VAL_307,6
HOH_308,1
ASN_308,5
HOH_309,1
PRO_309,6
HOH_310,0
GLN_310,5
HOH_311,0
ILE_311,6
HOH_312,0
SER_312,5
HOH_313,0
ASP_313,5
HOH_314,0
GLU_314,5
HOH_315,0
LYS_315,5
HOH_316,0
ASP_316,6
HOH_317,0
GLU_317,5
HOH_318,0
ASP_318,6
HOH_319,0
GLU_319,5
LYS_320,5
GLU_321,5
GLU_322,5
LYS_323,5
ARG_324,5
ARG_325,5
LYS_326,5
THR_327,6
THR_328,6
PRO_329,6
LYS_330,5
GLU_331,5
PRO_332,6
THR_333,6
GLU_334,5
LYS_335,5
LYS_336,5
MET_337,5
ALA_338,4
ARG_339,5
ALA_340,4
LYS_341,5
GLY_342,3
THR_342,6
ARG_343,4
VAL_343,6
MET_344,5
ASN_345,6
SER_346,5
LYS_347,5
PHE_348,5
THR_348,6
GLN_349,4
HIS_349,6
MET_350,6
GLY_350,4
PRO_350,7
PRO_351,6
LYS_352,5
CYS_353,5
ILE_354,6
GLN_355,6
CYS_356,5
GLY_357,3
GLN_358,5
TYR_359,5
LEU_360,6
ASP_361,6
ASP_362,7
PRO_363,6
ASP_364,6
LEU_365,6
LYS_366,5
TYR_367,5
GLY_368,4
GLN_369,6
HIS_370,7
PRO_371,7
PRO_372,6
ASP_373,7
ALA_374,5
VAL_375,6
ASP_376,6
GLU_377,6
PRO_378,6
GLN_379,6
MET_380,5
MSE_380,5
LEU_381,6
THR_382,6
ASN_383,6
GLU_384,7
LYS_385,5
LEU_386,5
SER_387,6
ILE_388,7
PHE_389,5
ASP_390,6
ALA_391,4
ASN_392,6
GLU_393,5
SER_394,5
GLY_395,3
PHE_396,5
GLU_397,5
SER_398,5
TYR_399,6
GLU_400,5
ALA_401,4
LEU_402,7
PRO_403,6
GLN_404,5
HIS_405,6
LYS_406,6
LEU_407,5
THR_408,7
CYS_409,5
PHE_410,5
SER_411,6
VAL_412,6
TYR_413,7
CYS_414,6
LYS_415,5
HIS_416,5
GLY_417,3
HIS_418,5
LEU_419,6
CYS_420,6
PRO_421,6
ILE_422,6
ASP_423,6
THR_424,7
GLY_425,5
LEU_426,6
ILE_427,6
GLU_428,6
LYS_429,5
ASN_430,6
ILE_431,6
GLU_432,6
LEU_433,6
PHE_434,5
PHE_435,6
SER_436,5
GLY_437,4
SER_438,5
ALA_439,5
LYS_440,7
PRO_441,6
ILE_442,6
TYR_443,5
ASP_444,6
ASP_445,6
ASP_446,7
PRO_447,6
SER_448,7
LEU_449,5
GLU_450,6
GLY_451,3
GLY_452,3
VAL_453,6
ASN_454,6
GLY_455,3
LYS_456,6
ASN_457,6
LEU_458,6
GLY_459,4
PRO_460,6
ILE_461,6
ASN_462,6
GLU_463,5
TRP_464,6
TRP_465,6
ILE_466,7
THR_467,6
GLY_468,4
PHE_469,6
ASP_470,6
GLY_471,4
GLY_472,4
GLU_473,5
LYS_474,5
ALA_475,5
LEU_476,5
ILE_477,6
GLY_478,3
PHE_479,6
SER_480,5
THR_481,7
SER_482,6
PHE_483,6
ALA_484,4
GLU_485,5
TYR_486,5
ILE_487,7
LEU_488,6
MET_489,5
MSE_489,5
ASP_490,7
PRO_491,6
SER_492,7
PRO_493,6
GLU_494,6
TYR_495,5
ALA_496,6
PRO_497,6
ILE_498,6
PHE_499,5
GLY_500,4
LEU_501,5
MET_502,5
MSE_502,5
GLN_503,6
GLU_504,6
LYS_505,5
ILE_506,6
TYR_507,6
ILE_508,7
SER_509,5
LYS_510,6
ILE_511,6
VAL_512,6
VAL_513,6
GLU_514,5
PHE_515,5
LEU_516,5
GLN_517,5
SER_518,5
ASN_519,6
SER_520,6
ASP_521,6
SER_522,5
THR_523,7
TYR_524,5
GLU_525,7
ASP_526,6
LEU_527,6
ILE_528,7
ASN_529,6
LYS_530,6
ILE_531,7
GLU_532,5
THR_533,6
THR_534,6
VAL_535,7
PRO_536,7
PRO_537,6
SER_538,6
GLY_539,4
LEU_540,5
ASN_541,6
LEU_542,5
ASN_543,6
ARG_544,5
PHE_545,6
THR_546,7
GLU_547,6
ASP_548,6
SER_549,5
LEU_550,5
LEU_551,6
ARG_552,5
HIS_553,5
ALA_554,4
GLN_555,5
GLY_555,4
PHE_556,6
PRO_556,6
VAL_557,6
LEU_557,6
VAL_558,6
GLY_558,4
GLU_559,5
SER_559,5
GLN_560,6
GLU_560,6
VAL_561,6
ALA_561,4
GLU_562,5
HIS_562,5
SER_563,6
LEU_563,6
TYR_564,6
ASP_565,6
MET_565,5
GLU_566,5
GLN_566,6
ALA_567,4
VAL_567,6
GLY_568,4
GLN_568,6
ASP_569,6
ILE_569,6
SER_570,7
VAL_570,6
ASP_571,6
ALA_571,4
GLU_572,5
GLN_573,7
ASP_573,5
PRO_574,6
GLN_574,6
ILE_575,6
PHE_575,6
PHE_576,6
CYS_576,5
LEU_577,6
GLY_577,4
THR_578,7
HIS_578,6
PRO_579,6
GLN_579,6
CYS_580,5
GLY_580,3
MET_581,5
MSE_581,5
ASN_581,5
ARG_582,5
ASP_582,7
ASP_583,6
MET_583,5
LEU_584,6
TYR_584,5
ILE_585,6
ASP_585,6
LYS_586,5
GLU_586,5
LEU_587,6
GLU_587,5
ALA_588,4
LYS_588,5
GLY_589,3
VAL_589,6
VAL_590,6
LYS_590,5
THR_591,6
TYR_591,5
LEU_592,5
THR_592,6
GLY_593,4
VAL_593,6
GLN_594,6
PHE_594,5
ARG_595,5
LYS_595,5
ARG_596,5
VAL_596,6
ALA_597,4
LEU_597,6
GLN_598,5
LYS_598,5
ALA_599,5
ASN_599,6
SER_600,5
ARG_600,5
ZN_601,0
HOH_601,0
SER_601,6
ARG_601,5
PO4_602,4
HOH_602,0
LEU_602,6
GLN_602,5
HOH_603,0
ALA_603,5
THR_603,6
HOH_604,0
GLU_604,5
ILE_604,6
HOH_605,0
PHE_605,5
ARG_605,5
HOH_606,0
VAL_606,6
HIS_606,5
GLN_607,6
SER_607,5
SER_608,6
THR_608,6
LEU_609,6
ARG_609,6
SER_610,5
GLU_610,5
GLN_611,5
LYS_611,6
THR_612,6
ASP_612,6
MET_613,5
ARG_613,5
GLY_614,4
PHE_615,6
PRO_615,6
PRO_616,6
THR_616,6
GLN_617,5
LYS_617,6
ASP_618,6
ALA_618,5
GLN_619,5
THR_619,6
ILE_620,6
THR_620,6
ARG_621,5
THR_621,6
LEU_622,6
LYS_622,6
TRP_623,6
LEU_623,6
PRO_624,6
VAL_624,6
MET_625,5
TYR_625,5
GLN_626,5
ALA_627,4
ILE_627,6
ARG_628,6
PHE_628,5
SER_629,6
ASP_629,6
ASN_630,7
THR_630,6
GLY_631,3
PHE_631,6
THR_632,6
PHE_632,6
LYS_633,5
ALA_633,4
ARG_634,6
GLU_634,5
PRO_635,6
GLN_635,5
ALA_636,4
ILE_636,6
MET_637,5
GLU_637,5
LEU_638,5
LYS_638,5
ASP_639,6
ASN_640,6
ASP_640,6
GLU_641,5
ARG_641,5
ALA_642,4
GLU_642,5
ASP_643,6
GLY_644,3
LYS_644,5
ASN_645,5
GLU_645,5
LYS_646,5
ASN_646,6
THR_647,6
ALA_647,4
MET_648,5
PHE_648,5
ILE_649,7
LYS_649,6
GLU_650,5
ARG_650,6
LEU_651,6
ARG_651,5
SER_652,6
ARG_652,5
ASP_653,6
CYS_653,7
ASN_654,5
GLY_654,3
GLU_655,5
VAL_655,7
ASN_656,7
CYS_656,6
PRO_657,6
GLU_657,6
TRP_658,6
VAL_658,6
THR_659,6
CYS_659,5
ILE_660,6
GLN_660,5
PHE_661,5
GLN_661,7
LEU_662,5
PRO_662,6
GLU_663,7
THR_664,6
CYS_664,5
VAL_665,6
GLY_665,3
ASP_666,7
LYS_666,5
PRO_667,6
CYS_667,6
GLU_668,5
LYS_668,5
LEU_669,5
ALA_669,5
ALA_670,5
CYS_670,5
ALA_671,5
LYS_671,5
SER_672,5
ASP_672,8
GLY_673,3
MET_673,5
ALA_674,4
VAL_674,7
THR_675,6
LYS_675,5
LEU_676,6
PHE_676,6
PRO_677,6
GLY_677,4
LYS_678,6
GLY_678,3
PHE_679,5
SER_679,5
ASP_680,6
GLY_680,4
LYS_681,5
ARG_681,5
ASP_682,6
SER_682,6
HIS_683,6
LYS_683,5
ASP_684,6
GLN_684,5
VAL_685,6
ALA_685,6
MET_686,5
CYS_686,5
LEU_687,5
GLN_687,5
PHE_688,6
GLU_688,6
LEU_689,6
ARG_689,5
LYS_690,5
ARG_690,5
MET_691,5
CYS_691,6
TYR_692,5
PRO_692,6
ASP_693,7
ASN_693,6
PRO_694,6
MET_694,5
LYS_695,5
ALA_695,4
THR_696,6
MET_696,6
ARG_697,5
LYS_697,6
SER_698,5
GLU_698,6
LEU_699,5
ALA_699,5
ASN_700,6
ASP_700,6
ZN_701,0
HOH_701,0
TYR_701,5
ASP_701,7
HOH_702,0
BGC_702,8
CYS_702,5
ASP_702,6
HOH_703,1
GOL_703,4
GLY_703,3
GLU_703,5
HOH_704,0
HIS_704,5
GLU_704,6
HOH_705,2
ILE_705,6
VAL_705,6
HOH_706,0
TYR_706,6
ASP_706,7
HOH_707,2
THR_707,8
ASP_707,6
HOH_708,1
PRO_708,6
ASN_708,6
HOH_709,0
ILE_709,7
HOH_710,1
SER_710,6
PRO_710,6
HOH_711,1
CYS_711,5
GLU_711,5
HOH_712,0
LYS_712,5
MET_712,6
HOH_713,0
ILE_713,6
PRO_713,6
HOH_714,3
ARG_714,5
SER_714,6
HOH_715,0
ASP_715,6
PRO_715,6
HOH_716,0
LEU_716,6
LYS_716,6
HOH_717,0
LEU_717,6
LYS_717,7
HOH_718,0
PRO_718,6
MET_718,6
HOH_719,2
VAL_719,6
HIS_719,6
HOH_720,0
MET_720,5
GLN_720,6
HOH_721,0
CYS_721,5
GLY_721,4
HOH_722,0
ASP_722,6
LYS_722,6
HOH_723,0
ARG_723,5
LYS_723,6
HOH_724,0
ALA_724,4
LYS_724,6
HOH_725,0
GLY_725,3
LYS_725,5
HOH_726,2
PHE_726,6
GLN_726,6
HOH_727,1
ILE_727,6
ASN_727,6
HOH_728,1
GLN_728,6
LYS_728,6
HOH_729,2
ASP_729,6
ASN_729,6
HOH_730,2
THR_730,6
ARG_730,5
HOH_731,1
SER_731,5
ILE_731,6
HOH_732,0
LEU_732,5
SER_732,6
HOH_733,1
ILE_733,6
TRP_733,6
HOH_734,1
LEU_734,5
VAL_734,6
HOH_735,2
TYR_735,6
GLY_735,3
HOH_736,0
GLU_736,6
HOH_737,0
GLU_737,5
ALA_737,5
HOH_738,0
VAL_738,7
HOH_739,0
LYS_739,7
HOH_740,0
PRO_740,6
THR_740,7
HOH_741,1
ASN_741,6
ASP_741,7
HOH_742,1
LEU_742,6
GLY_742,3
HOH_743,0
THR_743,6
LYS_743,7
HOH_744,1
GLU_744,5
LYS_744,7
HOH_745,1
ARG_745,5
SER_745,6
HOH_746,2
ILE_746,6
TYR_746,5
HOH_747,1
GLN_747,5
TYR_747,5
HOH_748,1
ASP_748,6
LYS_748,6
HOH_749,0
TYR_749,6
LYS_749,5
HOH_750,1
ASP_750,6
VAL_750,6
HOH_751,0
VAL_751,6
CYS_751,5
HOH_752,0
SER_752,6
ILE_752,7
HOH_753,0
LEU_753,5
ASP_753,6
HOH_754,1
ASP_754,6
ALA_754,4
HOH_755,1
LYS_755,5
GLU_755,7
HOH_756,0
ALA_756,4
THR_756,6
HOH_757,1
LEU_757,6
HOH_758,1
ASP_758,6
GLU_758,6
HOH_759,0
GLU_759,5
VAL_759,6
HOH_760,2
LEU_760,6
GLY_760,4
HOH_761,0
MET_761,6
ASP_761,6
HOH_762,1
ASP_762,6
CYS_762,5
HOH_763,0
GLY_763,3
VAL_763,7
HOH_764,1
ASP_764,6
SER_764,6
HOH_765,0
ILE_765,6
VAL_765,6
HOH_766,0
ILE_766,7
HOH_767,0
VAL_767,6
PRO_767,6
HOH_768,0
PHE_768,5
ASP_768,6
HOH_769,0
GLN_769,5
ASP_769,6
HOH_770,1
LYS_770,5
SER_770,5
HOH_771,1
ASP_771,6
SER_771,5
HOH_772,1
ASP_772,7
LYS_772,7
HOH_773,0
PRO_773,6
HOH_774,0
GLU_774,5
LEU_774,6
HOH_775,0
ASN_775,6
TYR_775,6
HOH_776,0
ASP_776,6
LEU_776,6
HOH_777,1
ASN_777,6
ALA_777,5
HOH_778,1
SER_778,5
ARG_778,6
HOH_779,0
GLU_779,5
VAL_779,6
HOH_780,1
LEU_780,6
THR_780,7
HOH_781,0
PRO_781,6
ALA_781,4
HOH_782,1
THR_782,6
LEU_782,5
HOH_783,0
ALA_783,5
TRP_783,6
HOH_784,0
LYS_784,5
GLU_784,5
HOH_785,1
GLU_785,5
ASP_785,7
HOH_786,0
TYR_786,5
SER_786,5
HOH_787,0
PHE_787,5
SER_787,5
HOH_788,0
ARG_788,6
ASN_788,6
HOH_789,1
ASP_789,6
GLY_789,3
HOH_790,0
LEU_790,6
GLN_790,6
HOH_791,0
TYR_791,5
MET_791,5
HOH_792,1
HIS_792,5
PHE_792,5
HOH_793,0
ARG_793,5
HIS_793,6
HOH_794,0
VAL_794,6
ALA_794,5
HOH_795,0
ASP_795,6
HIS_795,5
HOH_796,0
VAL_796,6
TRP_796,6
HOH_797,0
ILE_797,6
PHE_797,5
HOH_798,0
PHE_798,5
CYS_798,5
HOH_799,0
CYS_799,5
ALA_799,5
HOH_800,1
ASP_800,6
GLY_800,5
HOH_801,1
LYS_801,5
THR_801,6
HOH_802,0
THR_802,6
ASP_802,6
HOH_803,0
ILE_803,7
THR_803,7
HOH_804,0
PRO_804,6
VAL_804,6
HOH_805,0
ASN_805,4
LEU_805,6
HOH_806,1
ASP_806,8
GLY_806,5
HOH_807,1
PRO_807,6
ALA_807,5
HOH_808,1
GLY_808,3
THR_808,6
HOH_809,0
PHE_809,6
SER_809,6
HOH_810,0
VAL_810,6
ASP_810,7
HOH_811,0
VAL_811,6
PRO_811,6
HOH_812,1
THR_812,6
LEU_812,6
HOH_813,0
LEU_813,5
GLU_813,5
HOH_814,2
SER_814,7
LEU_814,6
HOH_815,1
ASN_815,6
PHE_815,6
HOH_816,2
ARG_816,5
LEU_816,6
HOH_817,1
MET_817,5
VAL_817,6
HOH_818,1
ASN_818,7
ASP_818,6
HOH_819,1
TYR_819,6
GLU_819,5
HOH_820,0
PHE_820,5
CYS_820,5
HOH_821,1
GLN_821,5
GLU_821,6
HOH_822,0
VAL_822,6
ASP_822,6
HOH_823,1
ALA_823,5
MET_823,5
HOH_824,0
LYS_824,5
GLN_824,7
HOH_825,1
THR_825,6
LEU_825,6
HOH_826,0
VAL_826,6
SER_826,5
HOH_827,1
ALA_827,6
TYR_827,5
HOH_828,2
GLN_828,6
ILE_828,6
HOH_829,0
ARG_829,5
HIS_829,5
HOH_830,0
LEU_830,6
SER_830,5
HOH_831,0
ASN_831,6
LYS_831,5
HOH_832,1
THR_832,6
VAL_832,6
HOH_833,2
ASP_833,7
LYS_833,6
HOH_834,0
PRO_834,6
VAL_834,6
HOH_835,0
MET_835,5
ILE_835,7
HOH_836,0
LEU_836,5
TYR_836,6
HOH_837,1
LEU_837,6
LYS_837,5
HOH_838,0
GLN_838,5
ALA_838,6
HOH_839,0
PHE_839,5
PRO_839,6
HOH_840,1
PHE_840,6
SER_840,7
HOH_841,1
LYS_841,6
GLU_841,6
HOH_842,1
SER_842,6
ASN_842,7
HOH_843,0
GLN_843,5
TRP_843,6
HOH_844,1
GLY_844,3
ALA_844,5
HOH_845,1
TYR_845,5
MET_845,5
HOH_846,0
ARG_846,5
GLU_846,5
HOH_847,1
ASP_847,5
GLY_847,5
HOH_848,0
GLY_848,5
HOH_849,1
PRO_849,6
MET_849,6
HOH_850,1
GLY_850,3
ASP_850,7
HOH_851,0
ASN_851,7
PRO_851,6
HOH_852,2
PRO_852,6
GLU_852,5
HOH_853,1
LEU_853,5
SER_853,6
HOH_854,1
ARG_854,6
LEU_854,5
HOH_855,0
HIS_855,8
LEU_855,5
HOH_856,0
ASN_856,6
GLU_856,7
HOH_857,0
TYR_857,5
GLY_857,4
HOH_858,0
GLU_858,5
ASP_858,6
HOH_859,0
GLY_859,3
ASP_859,6
HOH_860,0
THR_860,6
GLY_860,4
HOH_861,1
LEU_861,6
LYS_861,5
HOH_862,0
ARG_862,5
THR_862,7
HOH_863,0
ASP_863,6
TYR_863,6
HOH_864,0
LEU_864,5
PHE_864,5
HOH_865,0
LEU_865,5
TYR_865,5
HOH_866,0
GLN_866,6
HOH_867,0
PHE_867,6
LEU_867,6
HOH_868,0
PHE_868,5
TRP_868,6
HOH_869,0
LYS_869,6
TYR_869,5
HOH_870,0
PRO_870,6
ASP_870,6
HOH_871,0
ARG_871,5
GLN_871,6
HOH_872,1
GLN_872,6
ASP_872,6
HOH_873,0
PRO_873,6
TYR_873,6
HOH_874,0
LYS_874,5
ALA_874,4
HOH_875,1
LYS_875,5
ARG_875,5
HOH_876,0
LEU_876,6
PHE_876,6
HOH_877,0
TYR_877,5
GLU_877,5
HOH_878,0
TYR_878,5
SER_878,6
HOH_879,0
GLN_879,5
PRO_879,7
HOH_880,2
GLN_880,5
PRO_880,6
HOH_881,0
LEU_881,6
LYS_881,6
HOH_882,0
LYS_882,4
THR_882,6
HOH_883,0
MET_883,7
GLN_883,6
HOH_884,1
LYS_884,5
PRO_884,6
HOH_885,1
ILE_885,7
THR_885,6
HOH_886,1
THR_886,6
GLU_886,6
HOH_887,0
ASP_887,6
HOH_888,0
PHE_888,5
ASN_888,7
HOH_889,0
GLU_889,5
LYS_889,5
HOH_890,1
ASN_890,6
PHE_890,6
HOH_891,0
ARG_891,5
LYS_891,5
HOH_892,0
ARG_892,5
PHE_892,5
HOH_893,1
SER_893,5
CYS_893,5
HOH_894,0
PHE_894,5
VAL_894,6
HOH_895,1
LYS_895,5
SER_895,6
HOH_896,0
CYS_896,5
HOH_897,0
ILE_897,6
ALA_897,4
HOH_898,0
TRP_898,6
ARG_898,5
HOH_899,0
LEU_899,6
HOH_900,0
ASN_900,6
ALA_900,5
HOH_901,0
SER_901,5
GLU_901,5
HOH_902,1
GLN_902,5
MET_902,5
HOH_903,0
PHE_903,5
ARG_903,6
ARG_904,5
GLN_904,5
GLU_905,5
LYS_905,5
GLU_906,5
GLU_907,5
ILE_907,8
ILE_908,6
PRO_908,6
THR_909,6
ARG_909,5
LEU_910,6
VAL_910,6
TYR_911,6
LEU_911,6
PRO_912,6
GLU_912,5
ASP_913,5
GLN_913,5
LYS_914,5
LEU_914,5
HIS_915,6
GLU_915,5
GLY_916,3
ASP_916,6
CYS_917,5
LEU_917,6
VAL_918,6
ASP_918,6
ARG_919,5
SER_919,6
ASP_920,6
ARG_920,5
LEU_921,5
VAL_921,6
LEU_922,6
GLU_923,6
TYR_923,6
GLU_924,5
TYR_924,6
CYS_925,6
SER_925,5
LYS_926,5
ALA_926,5
LYS_927,5
THR_927,6
ALA_928,4
LYS_928,7
VAL_929,6
ASN_929,6
GLU_930,5
GLY_930,4
LEU_931,7
ILE_931,7
GLY_932,3
LEU_932,6
GLU_933,6
TYR_933,5
LYS_934,6
ARG_934,6
ALA_935,4
VAL_935,6
SER_936,5
GLY_936,4
GLY_937,3
ASP_937,6
LYS_938,5
GLY_938,4
LEU_939,6
VAL_939,6
ARG_940,5
TYR_940,6
LEU_941,7
LEU_942,6
PRO_942,7
GLU_943,5
PRO_943,6
ILE_944,6
GLU_944,7
VAL_945,6
ALA_945,4
SER_946,6
PHE_946,6
TYR_947,5
THR_947,6
LYS_948,5
PHE_948,6
ILE_949,6
ASN_949,6
ILE_950,7
GLY_951,3
LYS_951,5
VAL_952,6
LEU_952,5
HIS_953,5
SER_953,6
GLN_954,5
SER_954,7
GLU_955,5
PRO_955,6
ASP_956,6
VAL_956,6
GLU_957,5
LYS_957,5
LEU_958,6
ARG_958,7
LEU_959,5
PRO_959,6
GLU_960,5
ARG_960,6
CYS_961,5
LYS_961,6
LEU_962,6
GLU_962,7
SER_963,6
PRO_963,6
PRO_964,6
VAL_964,6
ALA_965,4
ASP_965,6
THR_966,6
GLU_966,5
SER_967,5
ASP_967,6
ARG_968,5
LEU_968,6
THR_969,6
TYR_969,6
PHE_970,5
PRO_970,6
ARG_971,5
GLU_971,7
ILE_972,6
HIS_972,7
GLU_973,5
TYR_973,6
GLU_974,5
ARG_974,5
ILE_975,7
LYS_975,5
PRO_976,6
TYR_976,6
LEU_977,5
SER_977,6
ASP_978,6
GLN_979,5
TYR_979,5
VAL_980,6
ILE_980,7
ASP_981,6
LYS_981,5
ILE_982,6
GLY_982,4
ASP_983,6
SER_983,5
ASN_984,6
GLU_985,5
LEU_985,6
ASN_986,6
ASP_986,6
GLU_987,5
ALA_987,6
MET_988,5
PRO_988,6
LEU_989,6
GLU_989,7
VAL_990,6
PRO_990,6
THR_991,6
TYR_991,6
VAL_992,6
ARG_992,5
ALA_993,4
ILE_993,6
HIS_994,6
GLY_994,4
PHE_995,6
ARG_995,6
HIS_996,6
ILE_996,6
LYS_997,5
GLU_998,5
VAL_999,6
ILE_999,6
PHE_1000,6
GLY_1001,3
CYS_1001,7
THR_1002,6
PRO_1002,6
PHE_1003,5
LYS_1003,6
GLY_1004,3
LYS_1004,7
ILE_1005,7
SER_1005,7
PRO_1006,6
ASN_1006,6
PHE_1007,5
GLY_1007,3
LEU_1008,6
ARG_1008,6
LEU_1009,6
PRO_1009,6
ARG_1010,5
ASN_1010,6
ILE_1011,6
GLU_1011,6
THR_1012,6
GLN_1013,6
ASP_1013,6
GLY_1014,4
ILE_1014,6
GLU_1015,6
LYS_1015,6
HIS_1016,7
ILE_1016,6
PHE_1017,6
ARG_1017,5
ARG_1018,4
VAL_1018,7
GLU_1019,5
ASN_1019,6
VAL_1020,6
LYS_1020,6
MET_1021,5
PHE_1021,5
LYS_1022,5
TYR_1022,5
ARG_1023,7
ILE_1024,6
PRO_1024,6
GLN_1025,5
GLU_1025,6
SER_1026,4
ASN_1026,6
LEU_1027,5
THR_1027,6
LEU_1028,5
HIS_1028,7
ASP_1029,6
LYS_1029,6
ILE_1030,6
SER_1030,5
GLN_1031,4
THR_1031,8
GLU_1032,6
PRO_1032,6
ALA_1033,4
LYS_1033,6
GLU_1034,7
SER_1034,6
PHE_1035,7
TYR_1035,6
GLU_1036,5
HIS_1036,7
LYS_1037,5
ALA_1037,6
PHE_1038,6
ASP_1038,6
LYS_1039,6
ILE_1039,6
PHE_1040,6
ASN_1040,6
ALA_1041,5
LEU_1041,6
ILE_1042,6
LEU_1042,5
VAL_1043,6
TYR_1043,5
MET_1044,6
TRP_1044,6
MET_1045,5
SER_1045,5
GLY_1046,3
ASP_1046,6
ARG_1047,5
GLU_1047,5
HIS_1048,6
GLU_1048,5
GLN_1049,5
ALA_1049,4
TYR_1050,5
VAL_1050,6
ILE_1051,6
VAL_1051,6
ASN_1052,6
ASP_1052,7
GLU_1053,5
PHE_1053,6
ASP_1054,6
LYS_1054,5
GLU_1055,5
ALA_1055,6
TYR_1056,5
VAL_1056,6
GLU_1057,6
GLN_1057,6
GLY_1058,3
VAL_1058,6
ASN_1059,5
ARG_1059,5
LEU_1060,6
CYS_1060,5
LYS_1061,5
THR_1061,6
ASP_1062,6
VAL_1062,6
PHE_1063,6
GLU_1063,5
GLU_1064,6
TYR_1064,6
PRO_1065,6
GLY_1065,4
GLN_1066,6
GLU_1066,6
PRO_1067,6
ASP_1067,6
GLY_1068,3
LEU_1068,7
PRO_1069,6
MET_1070,5
GLU_1070,5
SER_1071,5
CYS_1071,5
HIS_1072,6
VAL_1072,6
PRO_1073,6
GLN_1073,6
ARG_1074,6
VAL_1074,6
PRO_1075,6
TYR_1075,5
TRP_1076,6
SER_1076,5
LEU_1077,5
MET_1077,5
GLY_1078,3
LEU_1079,5
GLY_1079,4
ASP_1080,6
PRO_1080,6
HIS_1081,5
ASN_1081,6
PHE_1082,6
ARG_1082,5
ASN_1083,5
PHE_1083,5
TYR_1084,5
PHE_1085,6
LEU_1086,5
GLU_1087,6
ALA_1088,5
TYR_1089,5
ASN_1090,6
ALA_1091,5
LYS_1092,6
SER_1093,7
LYS_1094,5
SER_1095,5
PHE_1096,6
GLU_1097,6
ASP_1098,7
PRO_1099,7
PRO_1100,6
GOL_1101,4
ASN_1101,6
HIS_1102,6
ALA_1103,4
ARG_1104,6
SER_1105,7
PRO_1106,6
GLY_1107,3
ASN_1108,6
LYS_1109,5
GLY_1110,4
LYS_1111,5
GLY_1112,4
LYS_1113,6
GLY_1114,3
GLN_1115,4
LYS_1115,5
GLY_1116,3
LYS_1117,5
GLY_1118,3
LYS_1119,5
PRO_1120,6
LYS_1121,5
SER_1122,5
GLN_1123,5
ALA_1124,4
CYS_1125,5
GLU_1126,6
PRO_1127,6
SER_1128,6
GLU_1129,6
PRO_1130,6
GLU_1131,5
ILE_1132,6
GLU_1133,5
ILE_1134,6
LYS_1135,5
LEU_1136,7
PRO_1137,6
LYS_1138,6
LEU_1139,6
ARG_1140,6
THR_1141,6
LEU_1142,5
ASP_1143,6
VAL_1144,7
PHE_1145,6
SER_1146,7
GLY_1147,4
CYS_1148,5
GLY_1149,5
GLY_1150,4
LEU_1151,5
SER_1152,5
GLU_1153,7
GLY_1154,4
PHE_1155,6
HIS_1156,5
GLN_1157,5
ALA_1158,5
GLY_1159,3
ILE_1160,6
SER_1161,5
ASP_1162,6
THR_1163,6
LEU_1164,6
TRP_1165,6
ALA_1166,5
ILE_1167,6
GLU_1168,6
MET_1169,5
TRP_1170,6
ASP_1171,8
PRO_1172,6
ALA_1173,5
ALA_1174,5
GLN_1175,5
ALA_1176,5
PHE_1177,5
ARG_1178,5
LEU_1179,6
ASN_1180,5
ASN_1181,7
PRO_1182,6
GLY_1183,4
SER_1184,5
THR_1185,6
VAL_1186,6
PHE_1187,5
THR_1188,7
GLU_1189,6
ASP_1190,6
CYS_1191,5
ASN_1192,6
ILE_1193,6
LEU_1194,6
LEU_1195,6
LYS_1196,6
LEU_1197,6
VAL_1198,6
MET_1199,5
ALA_1200,4
GLY_1201,5
GLU_1202,5
THR_1203,7
THR_1204,6
ASN_1205,6
SER_1206,6
ARG_1207,5
GLY_1208,3
GLN_1209,5
ARG_1210,6
LEU_1211,6
PRO_1212,6
GLN_1213,7
LYS_1214,5
GLY_1215,4
ASP_1216,6
VAL_1217,6
GLU_1218,5
MET_1219,5
LEU_1220,5
CYS_1221,5
GLY_1222,4
GLY_1223,6
PRO_1224,7
PRO_1225,6
CYS_1226,5
GLN_1227,5
GLY_1228,4
PHE_1229,6
SER_1230,5
GLY_1231,4
MET_1232,6
ASN_1233,6
ARG_1234,6
PHE_1235,6
ASN_1236,7
SER_1237,5
ARG_1238,5
THR_1239,7
TYR_1240,6
SER_1241,6
LYS_1242,5
PHE_1243,7
LYS_1244,5
ASN_1245,6
SER_1246,5
LEU_1247,6
VAL_1248,6
VAL_1249,6
SER_1250,5
PHE_1251,6
LEU_1252,5
SER_1253,5
TYR_1254,5
CYS_1255,5
ASP_1256,6
TYR_1257,6
TYR_1258,5
ARG_1259,6
PRO_1260,7
ARG_1261,5
PHE_1262,5
PHE_1263,5
LEU_1264,5
LEU_1265,6
GLU_1266,7
ASN_1267,6
VAL_1268,6
ARG_1269,6
ASN_1270,7
PHE_1271,5
VAL_1272,6
SER_1273,6
PHE_1274,6
LYS_1275,6
ARG_1276,6
SER_1277,5
MET_1278,6
VAL_1279,6
LEU_1280,6
LYS_1281,5
LEU_1282,5
THR_1283,6
LEU_1284,6
ARG_1285,6
CYS_1286,5
LEU_1287,5
VAL_1288,6
ARG_1289,6
MET_1290,5
GLY_1291,3
TYR_1292,5
GLN_1293,6
CYS_1294,6
THR_1295,6
PHE_1296,6
GLY_1297,4
VAL_1298,6
LEU_1299,6
GLN_1300,7
ALA_1301,5
GLY_1302,4
GLN_1303,5
TYR_1304,5
GLY_1305,4
VAL_1306,6
ALA_1307,5
GLN_1308,5
THR_1309,6
ARG_1310,5
ARG_1311,6
ARG_1312,6
ALA_1313,4
ILE_1314,6
ILE_1315,6
LEU_1316,5
ALA_1317,4
ALA_1318,6
ALA_1319,6
PRO_1320,6
GLY_1321,4
GLU_1322,6
LYS_1323,6
LEU_1324,6
PRO_1325,6
LEU_1326,5
PHE_1327,6
PRO_1328,6
GLU_1329,7
PRO_1330,6
LEU_1331,5
HIS_1332,5
VAL_1333,6
PHE_1334,5
ALA_1335,6
PRO_1336,6
ARG_1337,5
ALA_1338,4
CYS_1339,5
GLN_1340,6
LEU_1341,6
SER_1342,5
VAL_1343,6
VAL_1344,6
VAL_1345,6
ASP_1346,6
ASP_1347,6
LYS_1348,5
LYS_1349,5
PHE_1350,5
VAL_1351,6
SER_1352,6
ASN_1353,6
ILE_1354,6
THR_1355,6
ARG_1356,5
LEU_1357,6
SER_1358,6
SER_1359,5
GLY_1360,4
PRO_1361,6
PHE_1362,6
ARG_1363,5
THR_1364,6
ILE_1365,7
THR_1366,7
VAL_1367,6
ARG_1368,6
ASP_1369,6
THR_1370,6
MET_1371,6
SER_1372,5
ASP_1373,6
LEU_1374,7
PRO_1375,6
GLU_1376,5
VAL_1377,6
ARG_1378,6
ASN_1379,6
GLY_1380,5
ALA_1381,4
SER_1382,6
ALA_1383,5
LEU_1384,6
GLU_1385,5
ILE_1386,7
SER_1387,5
TYR_1388,5
ASN_1389,6
GLY_1390,5
GLU_1391,7
PRO_1392,6
GLN_1393,6
SER_1394,6
TRP_1395,7
PHE_1396,5
GLN_1397,6
ARG_1398,5
GLN_1399,6
LEU_1400,6
ARG_1401,5
GLY_1402,3
ALA_1403,5
GLN_1404,6
TYR_1405,6
GLN_1406,6
PRO_1407,6
ILE_1408,7
LEU_1409,6
ARG_1410,6
ASP_1411,6
HIS_1412,6
ILE_1413,7
CYS_1414,6
LYS_1415,6
ASP_1416,6
MET_1417,6
SER_1418,6
ALA_1419,5
LEU_1420,6
VAL_1421,7
ALA_1422,5
ALA_1423,5
ARG_1424,5
MET_1425,5
ARG_1426,5
HIS_1427,5
ILE_1428,8
PRO_1429,6
LEU_1430,6
ALA_1431,6
PRO_1432,6
GLY_1433,4
SER_1434,5
ASP_1435,7
TRP_1436,6
ARG_1437,5
ASP_1438,6
LEU_1439,6
PRO_1440,6
ASN_1441,6
ILE_1442,8
GLU_1443,6
VAL_1444,6
ARG_1445,5
LEU_1446,6
SER_1447,6
ASP_1448,6
GLY_1449,4
THR_1450,6
MET_1451,5
ALA_1452,4
ARG_1453,6
LYS_1454,7
LEU_1455,6
ARG_1456,6
TYR_1457,6
THR_1458,7
HIS_1459,5
HIS_1460,5
ASP_1461,6
ARG_1462,6
LYS_1463,5
ASN_1464,6
GLY_1465,3
ARG_1466,5
SER_1467,7
SER_1468,5
SER_1469,5
GLY_1470,3
ALA_1471,6
LEU_1472,6
ARG_1473,5
GLY_1474,3
VAL_1475,7
CYS_1476,6
SER_1477,6
CYS_1478,5
VAL_1479,6
GLU_1480,6
ALA_1481,5
GLY_1482,5
LYS_1483,5
ALA_1484,4
CYS_1485,6
ASP_1486,8
PRO_1487,6
ALA_1488,4
ALA_1489,5
ARG_1490,5
GLN_1491,5
PHE_1492,5
ASN_1493,6
THR_1494,6
LEU_1495,6
ILE_1496,7
PRO_1497,6
TRP_1498,6
CYS_1499,7
LEU_1500,6
PRO_1501,6
HIS_1502,5
THR_1503,6
GLY_1504,6
ASN_1505,6
ARG_1506,5
HIS_1507,5
ASN_1508,6
HIS_1509,6
TRP_1510,6
ALA_1511,4
GLY_1512,5
LEU_1513,6
TYR_1514,5
GLY_1515,3
ARG_1516,6
LEU_1517,5
GLU_1518,6
TRP_1519,6
ASP_1520,6
GLY_1521,3
PHE_1522,5
PHE_1523,6
SER_1524,6
THR_1525,7
THR_1526,6
VAL_1527,6
THR_1528,7
ASN_1529,7
PRO_1530,6
GLU_1531,7
PRO_1532,6
MET_1533,5
GLY_1534,6
LYS_1535,6
GLN_1536,6
GLY_1537,5
ARG_1538,5
VAL_1539,6
LEU_1540,6
HIS_1541,6
PRO_1542,6
GLU_1543,5
GLN_1544,5
HIS_1545,6
ARG_1546,5
VAL_1547,7
VAL_1548,6
SER_1549,6
VAL_1550,6
ARG_1551,5
GLU_1552,5
CYS_1553,5
ALA_1554,5
ARG_1555,5
SER_1556,6
GLN_1557,5
GLY_1558,4
PHE_1559,6
PRO_1560,6
ASP_1561,6
THR_1562,6
TYR_1563,5
ARG_1564,6
LEU_1565,6
PHE_1566,5
GLY_1567,4
ASN_1568,7
ILE_1569,7
LEU_1570,6
ASP_1571,6
LYS_1572,5
HIS_1573,5
ARG_1574,6
GLN_1575,5
VAL_1576,6
GLY_1577,3
ASN_1578,6
ALA_1579,4
VAL_1580,7
PRO_1581,7
PRO_1582,7
PRO_1583,6
LEU_1584,6
ALA_1585,5
LYS_1586,7
ALA_1587,5
ILE_1588,6
GLY_1589,4
LEU_1590,6
GLU_1591,6
ILE_1592,6
LYS_1593,6
LEU_1594,6
CYS_1595,5
MET_1596,5
LEU_1597,5
ALA_1598,5
LYS_1599,5
ALA_1600,5
ZN_1601,0
SAH_1601,6
ARG_1601,5
LEU_1601,5
ZN_1602,0
GLU_1602,5
THR_1602,6
ZN_1603,0
SER_1603,5
ARG_1603,5
HOH_1604,0
ALA_1604,4
VAL_1604,6
HOH_1605,0
SER_1605,5
TRP_1605,6
HOH_1606,0
ALA_1606,4
HOH_1607,0
LYS_1607,5
HOH_1608,0
ILE_1608,6
HOH_1609,0
LYS_1609,5
HOH_1610,0
GLU_1610,5
HOH_1611,0
GLU_1611,5
HOH_1612,0
GLU_1612,5
HOH_1613,0
ALA_1613,4
HOH_1614,0
ALA_1614,4
HOH_1615,0
LYS_1615,5
HOH_1616,0
ASP_1616,6
HOH_1617,0
HOH_1618,0
HOH_1619,0
HOH_1620,0
HOH_1621,0
HOH_1622,0
HOH_1623,0
HOH_1624,0
HOH_1625,0
HOH_1626,0
HOH_1627,0
HOH_1628,0
HOH_1629,0
HOH_1630,0
HOH_1631,0
HOH_1632,0
ZN_1701,0
SAH_1701,7
EDO_1701,3
ZN_1702,0
SAM_1703,7
EDO_1703,3
ZN_1703,0
I67_1703,7
GOL_1704,5
EDO_1704,4
I67_1704,8
ZN_1704,0
EDO_1705,3
GOL_1705,5
ZN_1705,0
EDO_1706,3
SAH_1706,6
EDO_1707,3
EDO_1708,3
EDO_1709,3
EDO_1710,3
GOL_1710,4
EDO_1711,3
GOL_1711,4
EDO_1712,3
EDO_1713,3
EDO_1714,3
EDO_1715,3
EDO_1716,3
EDO_1717,3
EDO_1718,3
EDO_1719,3
EDO_1720,3
EDO_1721,3
EDO_1722,3
EDO_1723,3
EDO_1724,3
HOH_1801,1
HOH_1802,2
HOH_1803,0
HOH_1804,1
HOH_1805,1
HOH_1806,0
HOH_1807,2
HOH_1808,1
HOH_1809,1
HOH_1810,2
HOH_1811,2
HOH_1812,1
HOH_1813,2
HOH_1814,1
HOH_1815,2
HOH_1816,1
HOH_1817,1
HOH_1818,1
HOH_1819,2
HOH_1820,1
HOH_1821,2
HOH_1822,2
HOH_1823,2
HOH_1824,1
HOH_1825,1
HOH_1826,2
HOH_1827,2
HOH_1828,1
HOH_1829,0
HOH_1830,1
HOH_1831,1
HOH_1832,1
HOH_1833,2
HOH_1834,1
HOH_1835,2
HOH_1836,1
HOH_1837,2
HOH_1838,1
HOH_1839,1
HOH_1840,1
HOH_1841,1
HOH_1842,2
HOH_1843,2
HOH_1844,1
HOH_1845,1
HOH_1846,1
HOH_1847,3
HOH_1848,1
HOH_1849,1
HOH_1850,2
HOH_1851,2
HOH_1852,3
HOH_1853,1
HOH_1854,1
HOH_1855,3
HOH_1856,2
HOH_1857,1
HOH_1858,2
HOH_1859,1
HOH_1860,2
HOH_1861,1
HOH_1862,2
HOH_1863,0
HOH_1864,2
HOH_1865,1
HOH_1866,1
HOH_1867,1
HOH_1868,1
HOH_1869,2
HOH_1870,2
HOH_1871,2
HOH_1872,2
HOH_1873,2
HOH_1874,2
HOH_1875,2
HOH_1876,1
HOH_1877,2
HOH_1878,1
HOH_1879,1
HOH_1880,2
HOH_1881,3
HOH_1882,1
HOH_1883,1
HOH_1884,1
HOH_1885,2
HOH_1886,2
HOH_1887,2
HOH_1888,1
HOH_1889,1
HOH_1890,2
HOH_1891,1
HOH_1892,2
HOH_1893,1
HOH_1894,2
HOH_1895,1
HOH_1896,2
HOH_1897,1
HOH_1898,1
HOH_1899,1
HOH_1900,1
HOH_1901,1
HOH_1902,1
HOH_1903,1
HOH_1904,1
HOH_1905,1
HOH_1906,1
HOH_1907,2
HOH_1908,2
HOH_1909,2
HOH_1910,1
HOH_1911,1
HOH_1912,1
HOH_1913,1
HOH_1914,1
HOH_1915,1
HOH_1916,2
HOH_1917,1
HOH_1918,1
HOH_1919,1
HOH_1920,1
HOH_1921,2
HOH_1922,2
HOH_1923,1
HOH_1924,2
HOH_1925,1
HOH_1926,2
HOH_1927,1
HOH_1928,2
HOH_1929,1
HOH_1930,1
HOH_1931,1
HOH_1932,1
HOH_1933,2
HOH_1934,1
HOH_1935,1
HOH_1936,1
HOH_1937,1
HOH_1938,2
HOH_1939,1
HOH_1940,1
HOH_1941,1
HOH_1942,2
HOH_1943,1
HOH_1944,1
HOH_1945,2
HOH_1946,1
HOH_1947,1
HOH_1948,1
HOH_1949,1
HOH_1950,1
HOH_1951,1
HOH_1952,1
HOH_1953,1
HOH_1954,0
HOH_1955,1
HOH_1956,2
HOH_1957,1
HOH_1958,2
HOH_1959,1
HOH_1960,1
HOH_1961,1
HOH_1962,1
HOH_1963,1
HOH_1964,1
HOH_1965,2
HOH_1966,1
HOH_1967,1
HOH_1968,2
HOH_1969,1
HOH_1970,1
HOH_1971,1
HOH_1972,1
HOH_1973,1
HOH_1974,1
HOH_1975,0
HOH_1976,1
HOH_1977,1
HOH_1978,1
HOH_1979,1
HOH_1980,1
HOH_1981,1
HOH_1982,2
HOH_1983,2
HOH_1984,1
HOH_1985,1
HOH_1986,0
HOH_1987,1
HOH_1988,1
HOH_1989,1
HOH_1990,2
HOH_1991,2
HOH_1992,1
HOH_1993,1
HOH_1994,3
HOH_1995,1
HOH_1996,1
HOH_1997,2
HOH_1998,1
HOH_1999,2
HOH_2000,1
HOH_2001,1
HOH_2002,1
HOH_2003,1
HOH_2004,1
HOH_2005,1
HOH_2006,1
HOH_2007,2
HOH_2008,2
HOH_2009,2
HOH_2010,2
HOH_2011,1
HOH_2012,1
HOH_2013,1
HOH_2014,1
HOH_2015,2
HOH_2016,2
HOH_2017,0
HOH_2018,2
HOH_2019,1
HOH_2020,1
HOH_2021,2
HOH_2022,3
HOH_2023,1
HOH_2024,1
HOH_2025,1
HOH_2026,1
HOH_2027,1
HOH_2028,3
HOH_2029,1
HOH_2030,0
HOH_2031,2
HOH_2032,2
HOH_2033,3
HOH_2034,1
HOH_2035,0
HOH_2036,1
HOH_2037,1
HOH_2038,2
HOH_2039,1
HOH_2040,1
HOH_2041,2
HOH_2042,2
HOH_2043,1
HOH_2044,1
HOH_2045,1
HOH_2046,0
HOH_2047,1
HOH_2048,0
HOH_2049,1
HOH_2050,2
HOH_2051,0
HOH_2052,0
HOH_2053,1
HOH_2054,1
HOH_2055,0
HOH_2056,2
HOH_2057,1
HOH_2058,1
HOH_2059,1
HOH_2060,1
HOH_2061,1
HOH_2062,1
HOH_2063,1
HOH_2064,1
HOH_2065,1
HOH_2066,1
HOH_2067,0
HOH_2068,1
HOH_2069,1
HOH_2070,1
HOH_2071,2
HOH_2072,0
HOH_2073,0
HOH_2074,1
HOH_2075,1
HOH_2076,1
HOH_2077,0
HOH_2078,0
HOH_2079,0
HOH_2080,1
HOH_2081,2
HOH_2082,1
HOH_2083,1
HOH_2084,0
HOH_2085,1
HOH_2086,1
HOH_2087,0
HOH_2088,1
HOH_2089,1
HOH_2090,1
HOH_2091,0
HOH_2092,0
HOH_2093,1
HOH_2094,1
HOH_2095,1
HOH_2096,1
HOH_2097,1
HOH_2098,1
HOH_2099,1
HOH_2100,0
HOH_2101,0
HOH_2102,0
HOH_2103,1
HOH_2104,1
HOH_2105,0
HOH_2106,1
HOH_2107,0
HOH_2108,0
HOH_2109,0
HOH_2110,0
HOH_2111,2
HOH_2112,0
HOH_2113,0
HOH_2114,2
HOH_2115,1
HOH_2116,1
HOH_2117,2
HOH_2118,0
HOH_2119,0
HOH_2120,1
HOH_2121,0
HOH_2122,0
HOH_2123,1
HOH_2124,0
HOH_2125,0
HOH_2126,1
HOH_2127,0
HOH_2128,0
HOH_2129,2
HOH_2130,1
HOH_2131,1
HOH_2132,0
HOH_2133,0
HOH_2134,1
HOH_2135,0
HOH_2136,1
HOH_2137,2
HOH_2138,2
HOH_2139,1
HOH_2140,1
HOH_2141,2
HOH_2142,0
HOH_2143,1
HOH_2144,0
HOH_2145,0
HOH_2146,0
HOH_2147,0
HOH_2148,0
HOH_2149,0
HOH_2150,0
HOH_2151,0
HOH_2152,0
HOH_2153,0
HOH_2154,0
HOH_2155,0
HOH_2156,2
HOH_2157,2
HOH_2158,0
HOH_2159,0
HOH_2160,0
HOH_2161,1
HOH_2162,0
HOH_2163,0
HOH_2164,1
HOH_2165,0
HOH_2166,0
HOH_2167,1
HOH_2168,1
HOH_2169,0
HOH_2170,0
HOH_2171,1
HOH_2172,1
HOH_2173,0
HOH_2174,1
HOH_2175,0
HOH_2176,0
HOH_2177,1
HOH_2178,0
HOH_2179,1
HOH_2180,0
HOH_2181,0
HOH_2182,1
HOH_2183,0
HOH_2184,0
HOH_2185,0
HOH_2186,0
HOH_2187,1
HOH_2188,1
HOH_2189,0
HOH_2190,0
HOH_2191,1
HOH_2192,0
HOH_2193,0
HOH_2194,0
HOH_2195,1
HOH_2196,0
HOH_2197,0
HOH_2198,0
HOH_2199,0
HOH_2200,1
HOH_2201,0
HOH_2202,0
HOH_2203,0
HOH_2204,0
HOH_2205,0
HOH_2206,0
HOH_2207,0
HOH_2208,1
HOH_2209,0
HOH_2210,1
HOH_2211,0
HOH_2212,0
HOH_2213,0
HOH_2214,0
HOH_2215,0
HOH_2216,0
HOH_2217,0
HOH_2218,0
HOH_2219,0
HOH_2220,1
HOH_2221,0
HOH_2222,0
HOH_2223,0
HOH_2224,0
HOH_2225,0
HOH_2226,0
HOH_2227,0
HOH_2228,0
HOH_2229,0
HOH_2230,0
HOH_2231,1
HOH_2232,0
HOH_2233,0
HOH_2234,0
HOH_2235,0
HOH_2236,0
HOH_2237,0
HOH_2238,0
HOH_2239,0
HOH_2240,0
HOH_2241,0
HOH_2242,0
HOH_2243,0
HOH_2244,0
HOH_2245,0
HOH_2246,0
HOH_2247,0
HOH_2248,0
HOH_2249,0
HOH_2250,0
HOH_2251,0
HOH_2252,0
HOH_2253,0
HOH_2254,0
HOH_2255,0
HOH_2256,0
HOH_2257,0
HOH_2258,0
HOH_2259,0
HOH_2260,0
HOH_2261,0
HOH_2262,0
HOH_2263,0
HOH_2264,1
HOH_2265,0
HOH_2266,0
HOH_2267,0
HOH_2268,0
HOH_2269,0
HOH_2270,0
HOH_2271,0
HOH_2272,0
HOH_2273,0
HOH_2274,0
HOH_2275,0
HOH_2276,0
HOH_2277,0
HOH_2278,0
HOH_2279,0
HOH_2280,0
HOH_2281,0
HOH_2282,0
HOH_2283,0
HOH_2284,0
HOH_2285,0
HOH_2286,0
HOH_2287,0
HOH_2288,0
HOH_2289,0
HOH_2290,0
HOH_2291,0
HOH_2292,0
HOH_2293,0
EDO_4201,3
HOH_4301,0
HOH_4302,0
HOH_4303,0
HOH_4304,0
